,subject,label,prediction,age,sex
0,NCANDA_S00105,0.0,0.0,15.3,0.0
1,NCANDA_S00059,1.0,1.0,14.53,0.0
2,NCANDA_S00057,1.0,1.0,17.63,1.0
3,NCANDA_S00126,0.0,0.0,17.25,0.0
4,NCANDA_S00034,0.0,0.0,16.95,0.0
5,NCANDA_S00114,0.0,0.0,16.69,0.0
6,NCANDA_S00139,0.0,0.0,15.01,0.0
7,NCANDA_S00043,0.0,0.0,15.93,0.0
8,NCANDA_S00090,0.0,0.0,16.83,0.0
9,NCANDA_S00067,0.0,0.0,15.529999999999998,0.0
